,,s3,,,,,,,,,,,,,,,,,,,,,,,,,,,,,,,,,,,,,,,,,,,,,,,1,2,,,,,,,,,,,,,,,,,,,,,,,,,,,,,,,,,,,,,,,,,,,,,
,,,,,,,,,,,,,,,,,,,,,,,,,,,,,,,,,,,,,,,,,,,,,,,acc,,,,,,,,,,,,,,,,,,,,,,,,,,,,,,,,,,,,,,,,,,,,,,,,
s4,,,,,,,,,,,,,,,,,,,,,,,,,,,,,,,,,,,,,,,,,,,,,,,,,,,,,,,,,,,,,,,,,,,,,,,,,,,,,,,,,,,,,,,,,,,,,,,
,,,s5,,,,,,,,,,,,,,,,,,,,,,,,,,,,,,,,,,,,,,,,,,,,,,,,,,,,,,,,,,,,,,,,,,,,,,,,,,,,,,,,,,,,,,,,,,,,
,r8,,,,,s8,,r8,,r8,,,,,,,,,,,,,,,,,,,,,,,,,,,,,,,,,,,,,,,,,,,6,7,,,,,,,,,,,,,,,,,,,,,,,,,,,,,,,,,,,,,,,,,
r4,,,,s10,,,,,,,,,,,,,,,,,,,,,,,,,,,,,,,,,,,,,,,,,,,,,,,9,,,,,,,,,,,,,,,,,,,,,,,,,,,,,,,,,,,,,,,,,,,,
,s11,,,,,,,,,,,,,,,,,,,,,,,,,,,,,,,,,,,,,,,,,,,,,,,,,,,,,,,,,,,,,,,,,,,,,,,,,,,,,,,,,,,,,,,,,,,,,,
,,,,,,,,s13,,r12,,,,,,,,,,,,,,,,,,,,,,,,,,,,,,,,,,,,,,,,,,,,,,12,,,,,,,,,,,,,,,,,,,,,,,,,,,,,,,,,,,,,,,
,,,,,,,s14,,,,,,,,,,,,,,,,,,,,,,,,,,,,,,,,,,,,,,,,,,,,,,,,,,,,,,,,,,,,,,,,,,,,,,,,,,,,,,,,,,,,,,,,
r2,,,,,,,,,,,,,,,,,,,,,,,,,,,,,,,,,,,,,,,,,,,,,,,,,,,,,,,,,,,,,,,,,,,,,,,,,,,,,,,,,,,,,,,,,,,,,,,
,,,s17,,,,,,,,,,,,,,,,,,,,,,,,,,,,,,,,,,,,,,,,,,,,,,,,,15,,,,,,,,,16,,,,,,,,,,,,,,,,,,,,,,,,,,,,,,,,,,
,,,,,,,,,,,,,,,,,,,,,,,,,,,,,,,,,,,,,,,,,,,,,,,r1,,,,,,,,,,,,,,,,,,,,,,,,,,,,,,,,,,,,,,,,,,,,,,,,
,,,,,,,,,,s19,,,,,,,,,,,,,,,,,,,,,,,,,,,,,,,,,,,,,,,,,,,,,,,,,18,,,,,,,,,,,,,,,,,,,,,,,,,,,,,,,,,,,,
,,,s17,,,,,,,,,,,,,,,,,,,,,,,,,,,,,,,,,,,,,,,,,,,,,,,,,,,,,,,20,,,21,,,,,,,,,,,,,,,,,,,,,,,,,,,,,,,,,,
s22,,,,,,,,,,,,,,,,,,,,,,,,,,,,,,,,,,,,,,,,,,,,,,,,,,,,,,,,,,,,,,,,,,,,,,,,,,,,,,,,,,,,,,,,,,,,,,,
,,,,,s23,,,,,,,,,,,,,,,,,,,,,,,,,,,,,,,,,,,,,,,,,,,,,,,,,,,,,,,,,,,,,,,,,,,,,,,,,,,,,,,,,,,,,,,,,,
,,,,,r5,,,,,,,,,,,,,,,,,,,,,,,,,,,,,,,,,,,,,,,,,,,,,,,,,,,,,,,,,,,,,,,,,,,,,,,,,,,,,,,,,,,,,,,,,,
,,,,,r23,,,,r23,,,,,,,s25,,,,,,,,,,,,,,,,,,,,,,,,,,,,,,,,,,,,,,,,,,,,,,24,,,,,,,,,,,,,,,,,,,,,,,,,,,,,,,,,
,r6,,,,,,,,,,,,,,,,,,,,,,,,,,,,,,,,,,,,,,,,,,,,,,,,,,,,,,,,,,,,,,,,,,,,,,,,,,,,,,,,,,,,,,,,,,,,,,
r31,,,s35,,,,,,,s38,r31,,,,,,,s43,,s44,s40,s45,,,r31,s46,,,s42,,r31,,,,,,,,,,,,,,,,,,,,,,,,,,,,,,,,26,,27,28,30,31,36,,,,,37,,29,32,33,39,,41,,34,,,,,,,,,,,,
s47,,,,,,,,,,,,,,,,,,,,,,,,,,,,,,,,,,,,,,,,,,,,,,,,,,,,,,,,,,,,,,,,,,,,,,,,,,,,,,,,,,,,,,,,,,,,,,,
,,,,,,,,,s48,,,,,,,,,,,,,,,,,,,,,,,,,,,,,,,,,,,,,,,,,,,,,,,,,,,,,,,,,,,,,,,,,,,,,,,,,,,,,,,,,,,,,,
,r10,,,,,,s50,r10,,r10,,,,,,,,,,,,,,,,,,,,,,,,,,,,,,,,,,,,,,,,,,,,,49,,,,,,,,,,,,,,,,,,,,,,,,,,,,,,,,,,,,,,,,
r3,,,,,,,,,,,,,,,,,,,,,,,,,,,,,,,,,,,,,,,,,,,,,,,,,,,,,,,,,,,,,,,,,,,,,,,,,,,,,,,,,,,,,,,,,,,,,,,
,,,,,r21,,,,r21,,,,,,,,,,,,,,,,,,,,,,,,,,,,,,,,,,,,,,,,,,,,,,,,,,,,,,,,,,,,,,,,,,,,,,,,,,,,,,,,,,,,,,
,,,s51,,,,,,,,,,,,,,,,,,,,,,,,,,,,,,,,,,,,,,,,,,,,,,,,,,,,,,,,,,,,,,,,,,,,,,,,,,,,,,,,,,,,,,,,,,,,
,,,,,,,,,,,s52,,,,,,,,,,,,,,,,,,,,,,,,,,,,,,,,,,,,,,,,,,,,,,,,,,,,,,,,,,,,,,,,,,,,,,,,,,,,,,,,,,,,
s54,,,,,,,,,,,r26,,,,,,,,,,,,,,r26,,,,,,,,,,,,,,,,,,,,,,,,,,,,,,,,,,,,,,,53,,,,,,,,,,,,,,,,,,,,,,,,,,,,,,,
r27,,,,,,,,,,,r27,,,,,,,,,,,,,,r27,,,,,,r27,,,,,,,,,,,,,,,,,,,,,,,,,,,,,,,,,,,,,,,,,,,,,,,,,,,,,,,,,,,,,,,,
r28,,,,,,,,,,,r28,,,,,,,,,,,,,,r28,,,,,,r28,,,,,,,,,,,,,,,,,,,,,,,,,,,,,,,,,,,,,,,,,,,,,,,,,,,,,,,,,,,,,,,,
r29,,,,,,,,,,,r29,,,,,,,,,,,,,,r29,,,,,,r29,,,,,,,,,,,,,,,,,,,,,,,,,,,,,,,,,,,,,,,,,,,,,,,,,,,,,,,,,,,,,,,,
r30,,,,,,,,,,,r30,,,,,,,,,,,,,,r30,,,,,,r30,,,,,,,,,,,,,,,,,,,,,,,,,,,,,,,,,,,,,,,,,,,,,,,,,,,,,,,,,,,,,,,,
r47,,,,,,,,,,,r47,,,,,,,,,,,,,,r47,,,,,,r47,,,,,,,,,,,,,,,,,,,,,,,,,,,,,,,,,,,,,,,,,,,,,,,,,,,,,,,,,,,,,,,,
r48,,,,,,,,,,,r48,,,,,,,,,,,,,,r48,,,,,,r48,,,,,,,,,,,,,,,,,,,,,,,,,,,,,,,,,,,,,,,,,,,,,,,,,,,,,,,,,,,,,,,,
r49,,,,,,,,,,,r49,,,,,,,,,,,,,,r49,,,,,,r49,,,,,,,,,,,,,,,,,,,,,,,,,,,,,,,,,,,,,,,,,,,,,,,,,,,,,,,,,,,,,,,,
,,,,,,,,,,,,,,,,,s55,,,,,,,,,,,,,,,,,,,,,,,,,,,,,,,,,,,,,,,,,,,,,,,,,,,,,,,,,,,,,,,,,,,,,,,,,,,,,,
r33,,,,,,,,,,,r33,,,,,,,,,,,,,,r33,,,,,,r33,,,,,,,,,,,,,,,,,,,,,,,,,,,,,,,,,,,,,,,,,,,,,,,,,,,,,,,,,,,,,,,,
r34,,,,,,,,,,,r34,,,,,,,,,,,,,,r34,,,,,,r34,,,,,,,,,,,,,,,,,,,,,,,,,,,,,,,,,,,,,,,,,,,,,,,,,,,,,,,,,,,,,,,,
r31,,,s35,,,,,,,s38,r31,,,,,,,s43,,s44,s40,s45,,,r31,s46,,,s42,,r31,,,,,,,,,,,,,,,,,,,,,,,,,,,,,,,,56,,27,28,30,31,36,,,,,37,,29,32,33,39,,41,,34,,,,,,,,,,,,
r51,,,,,,,,,,,r51,,,,,,,,,,,,,,r51,,,,,,r51,,,,,,,,,,,,,,,,,,,,,,,,,,,,,,,,,,,,,,,,,,,,,,,,,,,,,,,,,,,,,,,,
r52,,,,,,,,,,,r52,,,,,,,,,,,,,,r52,,,,,,r52,,,,,,,,,,,,,,,,,,,,,,,,,,,,,,,,,,,,,,,,,,,,,,,,,,,,,,,,,,,,,,,,
r53,,,,,,,,,,,r53,,,,,,,,,,,,,,r53,,,,,,r53,,,,,,,,,,,,,,,,,,,,,,,,,,,,,,,,,,,,,,,,,,,,,,,,,,,,,,,,,,,,,,,,
,,,r68,r68,,,,,,,,,,,r68,,,,r68,,,,,,,,,,,,,s60,s61,r68,,,,,,,,,,,,,,,,,,,,,,,,,,,,,,,,,,,,,,,,,,,,,,,,,,,57,,58,59,,,,,,,
,,,,s62,,,,,,,,,,,,,,,,,,,,,,,,,,,,,,,,,,,,,,,,,,,,,,,,,,,,,,,,,,,,,,,,,,,,,,,,,,,,,,,,,,,,,,,,,,,
r45,,,,s64,,,,,,,r45,,,,,,,,,,,,,,r45,,,,,,r45,,,,,,,,,,,,,,,,,,,,,,,,,,,,,,,,,,,,,,,,,,,,63,,,,,,,,,,,,,,,,,,,,
,,,r68,r68,,,,,,,,,,,r68,,,,r68,,,,,,,,,,,,,s60,s61,r68,,,,,,,,,,,,,,,,,,,,,,,,,,,,,,,,,,,,,,,,,,,,,,,,,,,65,,58,59,,,,,,,
,,,s66,,,,,,,,,,,,,,,,,,,,,,,,,,,,,,,,,,,,,,,,,,,,,,,,,,,,,,,,,,,,,,,,,,,,,,,,,,,,,,,,,,,,,,,,,,,,
,,,s17,,,,,,,r14,,,,,,,,,,,,,,,,,,,,,,,,,,,,,,,,,,,,,,,,,,,,,,,67,68,,,21,,,,,,,,,,,,,,,,,,,,,,,,,,,,,,,,,,
,,,,,,,,,,,,s70,s71,s72,s73,,,,,,,,,,,,,,,,,,,,,,,,,,,,,,,,,,,,,,,,,,,,,69,,,,,,,,,,,,,,,,,,,,,,,,,,,,,,,,,,,
,r7,,,,,,,r7,,r7,,,,,,,,,,,,,,,,,,,,,,,,,,,,,,,,,,,,,,,,,,,,,,,,,,,,,,,,,,,,,,,,,,,,,,,,,,,,,,,,,,,,,
s74,,,,,,,,,,,,,,,,,,,,,,,,,,,,,,,,,,,,,,,,,,,,,,,,,,,,,,,,,,,,,,,,,,,,,,,,,,,,,,,,,,,,,,,,,,,,,,,
,,,,,r23,,,,r23,,,,,,,s25,,,,,,,,,,,,,,,,,,,,,,,,,,,,,,,,,,,,,,,,,,,,,,75,,,,,,,,,,,,,,,,,,,,,,,,,,,,,,,,,
,s76,,,,,,,,,,,,,,,,,,,,,,,,,,,,,,,,,,,,,,,,,,,,,,,,,,,,,,,,,,,,,,,,,,,,,,,,,,,,,,,,,,,,,,,,,,,,,,
,,,,,,,,,,,r24,,,,,,,,,,,,,,r24,,,,,,,,,,,,,,,,,,,,,,,,,,,,,,,,,,,,,,,,,,,,,,,,,,,,,,,,,,,,,,,,,,,,,,
r31,,,s35,,,,,,,s38,r31,,,,,,,s43,,s44,s40,s45,,,r31,s46,,,s42,,r31,,,,,,,,,,,,,,,,,,,,,,,,,,,,,,,,,,77,28,30,31,36,,,,,37,,29,32,33,39,,41,,34,,,,,,,,,,,,
,,,r68,r68,,,,,,,,,,,r68,,,,r68,,,,,,,,,,,,,s60,s61,r68,,,,,,,,,,,,,,,,,,,,,,,,,,,,,,,,,,,,,,,,,,,,,,,,,,,78,,58,59,,,,,,,
,,,,,,,,,,,s79,,,,,,,,,,,,,,,,,,,,,,,,,,,,,,,,,,,,,,,,,,,,,,,,,,,,,,,,,,,,,,,,,,,,,,,,,,,,,,,,,,,,
,,,,,,,,,,,,,,,,,,,,,,,,,,,,,,s80,,,,,,,,,,,,,,,,,,,,,,,,,,,,,,,,,,,,,,,,,,,,,,,,,,,,,,,,,,,,,,,,,
r64,,,,,r64,,,,,,r64,,,,,,,,,,,,r64,,r64,,r64,r64,,r64,r64,,,,s83,s84,s85,s86,s87,s88,,,,,,,,,,,,,,,,,,,,,,,,,,,,,,,,,,,,,,,,,,,,,,81,,,,,,,82,,
,,,s91,s94,,,,,,,,,,,s93,,,,s92,,,,,,,,,,,,,,,s95,,,,,,,,,,,,,,,,,,,,,,,,,,,,,,,,,,,,,,,,,,,,,,,,,,,,,,,,89,,90,,,
,,,r66,r66,,,,,,,,,,,r66,,,,r66,,,,,,,,,,,,,,,r66,,,,,,,,,,,,,,,,,,,,,,,,,,,,,,,,,,,,,,,,,,,,,,,,,,,,,,,,,,,,,
,,,r67,r67,,,,,,,,,,,r67,,,,r67,,,,,,,,,,,,,,,r67,,,,,,,,,,,,,,,,,,,,,,,,,,,,,,,,,,,,,,,,,,,,,,,,,,,,,,,,,,,,,
,,,s101,,r37,,,,,,,,,,s100,,,,s99,,,,,,,,,,,,,,,,,,,,,,,,,,,,,,,,,,,,,,,,,,,,,,,,,,,96,97,,98,,,,,,,,,,,,,,,,,,,,,,
r44,,,,,,,,,,,r44,,,,,,,,,,,,,,r44,,,,,,r44,,,,,,,,,,,,,,,,,,,,,,,,,,,,,,,,,,,,,,,,,,,,,,,,,,,,,,,,,,,,,,,,
,,,s17,,,,,,,,,,,,,,,,,,,,,,,,,,,,,,,,,,,,,,,,,,,,,,,,,,,,,,,,,,102,,,,,,,,,,,,,,,,,,,,,,,,,,,,,,,,,,
,,,,,,,,,,,,,,,,,,,,,,,s103,,,,,,,,,,,,,,,,,,,,,,,,,,,,,,,,,,,,,,,,,,,,,,,,,,,,,,,,,,,,,,,,,,,,,,,,
,,,,,,,,,,,,,,,,,s104,,,,,,,,,,,,,,,,,,,,,,,,,,,,,,,,,,,,,,,,,,,,,,,,,,,,,,,,,,,,,,,,,,,,,,,,,,,,,,
,,,,,,,,,,r11,,,,,,,,,,,,,,,,,,,,,,,,,,,,,,,,,,,,,,,,,,,,,,,,,,,,,,,,,,,,,,,,,,,,,,,,,,,,,,,,,,,,,
s105,,,,,,,,,,,,,,,,,,,,,,,,,,,,,,,,,,,,,,,,,,,,,,,,,,,,,,,,,,,,,,,,,,,,,,,,,,,,,,,,,,,,,,,,,,,,,,,
r15,,,,,,,,,,,,,,,,,,,,,,,,,,,,,,,,,,,,,,,,,,,,,,,,,,,,,,,,,,,,,,,,,,,,,,,,,,,,,,,,,,,,,,,,,,,,,,,
r17,,,,,,,,,,,,,,,,,,,,,,,,,,,,,,,,,,,,,,,,,,,,,,,,,,,,,,,,,,,,,,,,,,,,,,,,,,,,,,,,,,,,,,,,,,,,,,,
r18,,,,,,,,,,,,,,,,,,,,,,,,,,,,,,,,,,,,,,,,,,,,,,,,,,,,,,,,,,,,,,,,,,,,,,,,,,,,,,,,,,,,,,,,,,,,,,,
r19,,,,,,,,,,,,,,,,,,,,,,,,,,,,,,,,,,,,,,,,,,,,,,,,,,,,,,,,,,,,,,,,,,,,,,,,,,,,,,,,,,,,,,,,,,,,,,,
r20,,,,,,,,,,,,,,,,,,,,,,,,,,,,,,,,,,,,,,,,,,,,,,,,,,,,,,,,,,,,,,,,,,,,,,,,,,,,,,,,,,,,,,,,,,,,,,,
,r10,,,,,,s50,r10,,r10,,,,,,,,,,,,,,,,,,,,,,,,,,,,,,,,,,,,,,,,,,,,,106,,,,,,,,,,,,,,,,,,,,,,,,,,,,,,,,,,,,,,,,
,,,,,r22,,,,r22,,,,,,,,,,,,,,,,,,,,,,,,,,,,,,,,,,,,,,,,,,,,,,,,,,,,,,,,,,,,,,,,,,,,,,,,,,,,,,,,,,,,,,
,r16,,,,,,,,,,,,,,,,,,,,,,,,,,,,,,,,,,,,,,,,,,,,,,,,,,,,,,,,,,,,,,,,,,,,,,,,,,,,,,,,,,,,,,,,,,,,,,
s54,,,,,,,,,,,r26,,,,,,,,,,,,,,r26,,,,,,,,,,,,,,,,,,,,,,,,,,,,,,,,,,,,,,,107,,,,,,,,,,,,,,,,,,,,,,,,,,,,,,,
r32,,,,,,,,,,,r32,,,,,,,,,,,,,,r32,,,,,,r32,,,,,,,,,,,,,,,,,,,,,,,,,,,,,,,,,,,,,,,,,,,,,,,,,,,,,,,,,,,,,,,,
,s108,,,,,,,,,,,,,,,,,,,,,,,,,,,,,,,,,,,,,,,,,,,,,,,,,,,,,,,,,,,,,,,,,,,,,,,,,,,,,,,,,,,,,,,,,,,,,,
r31,,,s35,,,,,,,s38,r31,,,,,,,s43,,s44,s40,s45,,,r31,s46,,,s42,,r31,,,,,,,,,,,,,,,,,,,,,,,,,,,,,,,,,,109,28,30,31,36,,,,,37,,29,32,33,39,,41,,34,,,,,,,,,,,,
r62,,,,,r62,,,,,,r62,,,,,,,,,,,,r62,,r62,,r62,r62,,r62,r62,,,,,,,,,,,,,,,,,,,,,,,,,,,,,,,,,,,,,,,,,,,,,,,,,,,,,,,,,,,,,,,,
,,,r68,r68,,,,,,,,,,,r68,,,,r68,,,,,,,,,,,,,s60,s61,r68,,,,,,,,,,,,,,,,,,,,,,,,,,,,,,,,,,,,,,,,,,,,,,,,,,,,,110,59,,,,,,,
r79,,,r79,r79,r79,,,,,,r79,,,,r79,,,,r79,,,,r79,,r79,,r79,r79,,r79,r79,r79,r79,r79,,,,,,,,,,,,,,,,,,,,,,,,,,,,,,,,,,,,,,,,,,,,,,,,,,,,,,,,,,,,,
r80,,,r80,r80,r80,,,,,,r80,,,,r80,,,,r80,,,,r80,,r80,,r80,r80,,r80,r80,r80,r80,r80,,,,,,,,,,,,,,,,,,,,,,,,,,,,,,,,,,,,,,,,,,,,,,,,,,,,,,,,,,,,,
r81,,,r81,r81,r81,,,,,,r81,,,,r81,,,,r81,,,,r81,,r81,,r81,r81,,r81,r81,r81,r81,r81,,,,,,,,,,,,,,,,,,,,,,,,,,,,,,,,,,,,,,,,,,,,,,,,,,,,,,,,,,,,,
r82,,,r82,r82,r82,,,,,,r82,,,,r82,,,,r82,,,,r82,,r82,,r82,r82,,r82,r82,r82,r82,r82,,,,,,,,,,,,,,,,,,,,,,,,,,,,,,,,,,,,,,,,,,,,,,,,,,,,,,,,,,,,,
r83,,,r83,r83,r83,,,,,,r83,,,,r83,,,,r83,,,,r83,,r83,,r83,r83,,r83,r83,r83,r83,r83,,,,,,,,,,,,,,,,,,,,,,,,,,,,,,,,,,,,,,,,,,,,,,,,,,,,,,,,,,,,,
r84,,,r84,r84,r84,,,,,,r84,,,,r84,,,,r84,,,,r84,,r84,,r84,r84,,r84,r84,r84,r84,r84,,,,,,,,,,,,,,,,,,,,,,,,,,,,,,,,,,,,,,,,,,,,,,,,,,,,,,,,,,,,,
r70,,,,,r70,,,,,,r70,,,,,,,,,,,,r70,,r70,,r70,r70,,r70,r70,s113,s114,,r70,r70,r70,r70,r70,r70,s115,,,,,,,,,,,,,,,,,,,,,,,,,,,,,,,,,,,,,,,,,,,,,,,,111,,,,,112,
r73,,,,,r73,,,,,,r73,,,,,,,,,,,,r73,,r73,,r73,r73,,r73,r73,r73,r73,,r73,r73,r73,r73,r73,r73,r73,s118,s119,s120,s121,s122,,,,,,,,,,,,,,,,,,,,,,,,,,,,,,,,,,,,,,,,,,,,,116,,,,117
r74,,,,,r74,,,,,,r74,,,,,,,,,,,,r74,,r74,,r74,r74,,r74,r74,r74,r74,,r74,r74,r74,r74,r74,r74,r74,r74,r74,r74,r74,r74,,,,,,,,,,,,,,,,,,,,,,,,,,,,,,,,,,,,,,,,,,,,,,,,,
r75,,,,,r75,,,,,,r75,,,,,,,,,,,,r75,,r75,,r75,r75,,r75,r75,r75,r75,,r75,r75,r75,r75,r75,r75,r75,r75,r75,r75,r75,r75,,,,,,,,,,,,,,,,,,,,,,,,,,,,,,,,,,,,,,,,,,,,,,,,,
r76,,,,,r76,,,,,,r76,,,,,,,,,,,,r76,,r76,,r76,r76,,r76,r76,r76,r76,,r76,r76,r76,r76,r76,r76,r76,r76,r76,r76,r76,r76,,,,,,,,,,,,,,,,,,,,,,,,,,,,,,,,,,,,,,,,,,,,,,,,,
,,,r68,r68,,,,,,,,,,,r68,,,,r68,,,,,,,,,,,,,s60,s61,r68,,,,,,,,,,,,,,,,,,,,,,,,,,,,,,,,,,,,,,,,,,,,,,,,,,,123,,58,59,,,,,,,
,,,s91,s94,,,,,,,,,,,s93,,,,s92,,,,,,,,,,,,,,,s95,,,,,,,,,,,,,,,,,,,,,,,,,,,,,,,,,,,,,,,,,,,,,,,,,,,,,,,,,,124,,,
,,,,,s125,,,,,,,,,,,,,,,,,,,,,,,,,,,,,,,,,,,,,,,,,,,,,,,,,,,,,,,,,,,,,,,,,,,,,,,,,,,,,,,,,,,,,,,,,,
,,,,,r36,,,,,,,,,,,,,,,,,,,,,,,,,,,,,,,,,,,,,,,,,,,,,,,,,,,,,,,,,,,,,,,,,,,,,,,,,,,,,,,,,,,,,,,,,,
,,,,,r40,,,,,,,,,,,s127,,,,,,,,,,,,,,,,,,,,,,,,,,,,,,,,,,,,,,,,,,,,,,,,,,,,,,,,126,,,,,,,,,,,,,,,,,,,,,,,
,,,,,r41,,,,,,,,,,,r41,,,,,,,,,,,,,,,,,,,,,,,,,,,,,,,,,,,,,,,,,,,,,,,,,,,,,,,,,,,,,,,,,,,,,,,,,,,,,,,
,,,,,r42,,,,,,,,,,,r42,,,,,,,,,,,,,,,,,,,,,,,,,,,,,,,,,,,,,,,,,,,,,,,,,,,,,,,,,,,,,,,,,,,,,,,,,,,,,,,
,,,,,r43,,,,,,,,,,,r43,,,,,,,,,,,,,,,,,,,,,,,,,,,,,,,,,,,,,,,,,,,,,,,,,,,,,,,,,,,,,,,,,,,,,,,,,,,,,,,
,,,,,s128,,,,,,,,,,,,,,,,,,,,,,,,,,,,,,,,,,,,,,,,,,,,,,,,,,,,,,,,,,,,,,,,,,,,,,,,,,,,,,,,,,,,,,,,,,
r31,,,s35,,,,,,,s38,r31,,,,,,,s43,,s44,s40,s45,,,r31,s46,,,s42,,r31,,,,,,,,,,,,,,,,,,,,,,,,,,,,,,,,,,129,28,30,31,36,,,,,37,,29,32,33,39,,41,,34,,,,,,,,,,,,
,,,r68,r68,,,,,,,,,,,r68,,,,r68,,,,,,,,,,,,,s60,s61,r68,,,,,,,,,,,,,,,,,,,,,,,,,,,,,,,,,,,,,,,,,,,,,,,,,,,130,,58,59,,,,,,,
,,,s17,,,,,,,r14,,,,,,,,,,,,,,,,,,,,,,,,,,,,,,,,,,,,,,,,,,,,,,,131,68,,,21,,,,,,,,,,,,,,,,,,,,,,,,,,,,,,,,,,
,r9,,,,,,,r9,,r9,,,,,,,,,,,,,,,,,,,,,,,,,,,,,,,,,,,,,,,,,,,,,,,,,,,,,,,,,,,,,,,,,,,,,,,,,,,,,,,,,,,,,
,,,,,,,,,,,r25,,,,,,,,,,,,,,r25,,,,,,,,,,,,,,,,,,,,,,,,,,,,,,,,,,,,,,,,,,,,,,,,,,,,,,,,,,,,,,,,,,,,,,
r50,,,,,,,,,,,r50,,,,,,,,,,,,,,r50,,,,,,r50,,,,,,,,,,,,,,,,,,,,,,,,,,,,,,,,,,,,,,,,,,,,,,,,,,,,,,,,,,,,,,,,
r61,,,,,,,,,,,r61,,,,,,,,,,,,,,r61,,,,,,s133 / r61,,,,,,,,,,,,,,,,,,,,,,,,,,,,,,,,,,,,,,,,,,,,,,,,,,,,,132,,,,,,,,,,,
r63,,,,,r63,,,,,,r63,,,,,,,,,,,,r63,,r63,,r63,r63,,r63,r63,,,,,,,,,,,,,,,,,,,,,,,,,,,,,,,,,,,,,,,,,,,,,,,,,,,,,,,,,,,,,,,,
r65,,,,,r65,,,,,,r65,,,,,,,,,,,,r65,,r65,,r65,r65,,r65,r65,,,,r65,r65,r65,r65,r65,r65,,,,,,,,,,,,,,,,,,,,,,,,,,,,,,,,,,,,,,,,,,,,,,,,,,,,,,,
,,,s91,s94,,,,,,,,,,,s93,,,,s92,,,,,,,,,,,,,,,s95,,,,,,,,,,,,,,,,,,,,,,,,,,,,,,,,,,,,,,,,,,,,,,,,,,,,,,,,134,,90,,,
,,,r85,r85,,,,,,,,,,,r85,,,,r85,,,,,,,,,,,,,,,r85,,,,,,,,,,,,,,,,,,,,,,,,,,,,,,,,,,,,,,,,,,,,,,,,,,,,,,,,,,,,,
,,,r86,r86,,,,,,,,,,,r86,,,,r86,,,,,,,,,,,,,,,r86,,,,,,,,,,,,,,,,,,,,,,,,,,,,,,,,,,,,,,,,,,,,,,,,,,,,,,,,,,,,,
,,,r87,r87,,,,,,,,,,,r87,,,,r87,,,,,,,,,,,,,,,r87,,,,,,,,,,,,,,,,,,,,,,,,,,,,,,,,,,,,,,,,,,,,,,,,,,,,,,,,,,,,,
r71,,,,,r71,,,,,,r71,,,,,,,,,,,,r71,,r71,,r71,r71,,r71,r71,r71,r71,,r71,r71,r71,r71,r71,r71,r71,,,,,,,,,,,,,,,,,,,,,,,,,,,,,,,,,,,,,,,,,,,,,,,,,,,,,,
,,,s91,s94,,,,,,,,,,,s93,,,,s92,,,,,,,,,,,,,,,s95,,,,,,,,,,,,,,,,,,,,,,,,,,,,,,,,,,,,,,,,,,,,,,,,,,,,,,,,,,135,,,
,,,r88,r88,,,,,,,,,,,r88,,,,r88,,,,,,,,,,,,,,,r88,,,,,,,,,,,,,,,,,,,,,,,,,,,,,,,,,,,,,,,,,,,,,,,,,,,,,,,,,,,,,
,,,r89,r89,,,,,,,,,,,r89,,,,r89,,,,,,,,,,,,,,,r89,,,,,,,,,,,,,,,,,,,,,,,,,,,,,,,,,,,,,,,,,,,,,,,,,,,,,,,,,,,,,
,,,r90,r90,,,,,,,,,,,r90,,,,r90,,,,,,,,,,,,,,,r90,,,,,,,,,,,,,,,,,,,,,,,,,,,,,,,,,,,,,,,,,,,,,,,,,,,,,,,,,,,,,
,,,r91,r91,,,,,,,,,,,r91,,,,r91,,,,,,,,,,,,,,,r91,,,,,,,,,,,,,,,,,,,,,,,,,,,,,,,,,,,,,,,,,,,,,,,,,,,,,,,,,,,,,
,,,r92,r92,,,,,,,,,,,r92,,,,r92,,,,,,,,,,,,,,,r92,,,,,,,,,,,,,,,,,,,,,,,,,,,,,,,,,,,,,,,,,,,,,,,,,,,,,,,,,,,,,
,,,,,s136,,,,,,,,,,,,,,,,,,,,,,,,,,,,,,,,,,,,,,,,,,,,,,,,,,,,,,,,,,,,,,,,,,,,,,,,,,,,,,,,,,,,,,,,,,
r78,,,,,r78,,,,,,r78,,,,,,,,,,,,r78,,r78,,r78,r78,,r78,r78,r78,r78,,r78,r78,r78,r78,r78,r78,r78,r78,r78,r78,r78,r78,,,,,,,,,,,,,,,,,,,,,,,,,,,,,,,,,,,,,,,,,,,,,,,,,
r35,,,,,,,,,,,r35,,,,,,,,,,,,,,r35,,,,,,r35,,,,,,,,,,,,,,,,,,,,,,,,,,,,,,,,,,,,,,,,,,,,,,,,,,,,,,,,,,,,,,,,
,,,,,r38,,,,,,,,,,,,,,,,,,,,,,,,,,,,,,,,,,,,,,,,,,,,,,,,,,,,,,,,,,,,,,,,,,,,,,,,,,,,,,,,,,,,,,,,,,
,,,s101,,,,,,,,,,,,s100,,,,s99,,,,,,,,,,,,,,,,,,,,,,,,,,,,,,,,,,,,,,,,,,,,,,,,,,,,,,137,,,,,,,,,,,,,,,,,,,,,,
r46,,,,,,,,,,,r46,,,,,,,,,,,,,,r46,,,,,,r46,,,,,,,,,,,,,,,,,,,,,,,,,,,,,,,,,,,,,,,,,,,,,,,,,,,,,,,,,,,,,,,,
r54,,,,,,,,,,,r54,,,,,,,,,,,,,,r54,,,,,,r54,,,,,,,,,,,,,,,,,,,,,,,,,,,,,,,,,,,,,,,,,,,,,,,,,,,,,,,,,,,,,,,,
,,,,,,,,,,,,,,,,,,,,,,,,,,,s139,s140,,,,,,,,,,,,,,,,,,,,,,,,,,,,,,,,,,,,,,,,,,,,,,,,,,,,,,138,,,,,,,,,,,,,
,,,,,,,,,,r13,,,,,,,,,,,,,,,,,,,,,,,,,,,,,,,,,,,,,,,,,,,,,,,,,,,,,,,,,,,,,,,,,,,,,,,,,,,,,,,,,,,,,
r59,,,,,,,,,,,r59,,,,,,,,,,,,,,r59,,,,,,r59,,,,,,,,,,,,,,,,,,,,,,,,,,,,,,,,,,,,,,,,,,,,,,,,,,,,,,,,,,,,,,,,
r31,,,s35,,,,,,,s38,r31,,,,,,,s43,,s44,s40,s45,,,r31,s46,,,s42,,r31,,,,,,,,,,,,,,,,,,,,,,,,,,,,,,,,,,141,28,30,31,36,,,,,37,,29,32,33,39,,41,,34,,,,,,,,,,,,
r70,,,,,r70,,,,,,r70,,,,,,,,,,,,r70,,r70,,r70,r70,,r70,r70,s113,s114,,r70,r70,r70,r70,r70,r70,s115,,,,,,,,,,,,,,,,,,,,,,,,,,,,,,,,,,,,,,,,,,,,,,,,142,,,,,112,
r73,,,,,r73,,,,,,r73,,,,,,,,,,,,r73,,r73,,r73,r73,,r73,r73,r73,r73,,r73,r73,r73,r73,r73,r73,r73,s118,s119,s120,s121,s122,,,,,,,,,,,,,,,,,,,,,,,,,,,,,,,,,,,,,,,,,,,,,143,,,,117
r77,,,,,r77,,,,,,r77,,,,,,,,,,,,r77,,r77,,r77,r77,,r77,r77,r77,r77,,r77,r77,r77,r77,r77,r77,r77,r77,r77,r77,r77,r77,,,,,,,,,,,,,,,,,,,,,,,,,,,,,,,,,,,,,,,,,,,,,,,,,
,,,,,r40,,,,,,,,,,,s127,,,,,,,,,,,,,,,,,,,,,,,,,,,,,,,,,,,,,,,,,,,,,,,,,,,,,,,,144,,,,,,,,,,,,,,,,,,,,,,,
,,,r68,r68,,,,,,,,,,,r68,,,,r68,,,,,,,,,,,,,s60,s61,r68,,,,,,,,,,,,,,,,,,,,,,,,,,,,,,,,,,,,,,,,,,,,,,,,,,,145,,58,59,,,,,,,
r57,,,r57,r57,,,,,,,r57,,,,r57,,,,r57,,,,r57,,r57,,,,,,r57,r57,r57,r57,r57,r57,r57,r57,r57,r57,,,,,,,,,,,,,,,,,,,,,,,,,,,,,,,,,,,,,,,,,,,,,,,,,,,,,,,
r58,,,r58,r58,,,,,,,r58,,,,r58,,,,r58,,,,r58,,r58,,,,,,r58,r58,r58,r58,r58,r58,r58,r58,r58,r58,,,,,,,,,,,,,,,,,,,,,,,,,,,,,,,,,,,,,,,,,,,,,,,,,,,,,,,
r60,,,,,,,,,,,r60,,,,,,,,,,,,,,r60,,,,,,r60,,,,,,,,,,,,,,,,,,,,,,,,,,,,,,,,,,,,,,,,,,,,,,,,,,,,,,,,,,,,,,,,
r69,,,,,r69,,,,,,r69,,,,,,,,,,,,r69,,r69,,r69,r69,,r69,r69,,,,r69,r69,r69,r69,r69,r69,,,,,,,,,,,,,,,,,,,,,,,,,,,,,,,,,,,,,,,,,,,,,,,,,,,,,,,
r72,,,,,r72,,,,,,r72,,,,,,,,,,,,r72,,r72,,r72,r72,,r72,r72,r72,r72,,r72,r72,r72,r72,r72,r72,r72,,,,,,,,,,,,,,,,,,,,,,,,,,,,,,,,,,,,,,,,,,,,,,,,,,,,,,
,,,,,r39,,,,,,,,,,,,,,,,,,,,,,,,,,,,,,,,,,,,,,,,,,,,,,,,,,,,,,,,,,,,,,,,,,,,,,,,,,,,,,,,,,,,,,,,,,
,,,,,,,,,,,,,,,,,,,,,,,s146,,,,,,,,,,,,,,,,,,,,,,,,,,,,,,,,,,,,,,,,,,,,,,,,,,,,,,,,,,,,,,,,,,,,,,,,
r31,,,s35,,,,,,,s38,r31,,,,,,,s43,,s44,s40,s45,,,r31,s46,,,s42,,r31,,,,,,,,,,,,,,,,,,,,,,,,,,,,,,,,,,147,28,30,31,36,,,,,37,,29,32,33,39,,41,,34,,,,,,,,,,,,
r56,,,,,,,,,,,r56,,,,,,,,,,,,,,r56,,,,,,r56,,,,,,,,,,,,,,,,,,,,,,,,,,,,,,,,,,,,,,,,,,,,,,,,,,,,,,,,,,,,,,,,
